  iter,x_1,   x_2,   x_3,   x_4,   x_5,      SEC, ERROR,
     0,           27.000000,           95.000000,          180.000000,            0.750000,            0.600000,            0.000000,       0.000,
