    Num ,       W,       Q,
     1,            0.000000,            0.000000,
     2,            0.000000,            0.000000,
     3,            0.000000,            0.000000,
     4,       143566.752474,            0.000000,
     5,            0.000000,      -143896.434939,
