    Num ,       W,       Q,
     1,          -18.259287,            0.000000,
     2,            0.000000,            0.000000,
     3,            0.000000,            0.000000,
     4,          143.566752,            0.000000,
     5,            0.000000,         -143.896435,
