  icase ,T_1,     T_2,     T_3,     Eff_1,   Eff_2,        SEC,
     2,           27.000000,           95.000000,          180.000000,            0.750000,            0.800000,        55561.490834,
