    iter,x_1,     x_2,     x_3,     x_4,     x_5,     dtMin_1, dtMin_2, dtMin_3, dtMin_4, dtMin_5, dtMin_6, dtMin_7, dtMin_8, dtMin_9, dtMin_10,dtMin_11,     SEC,   ERROR,
     0,           25.000000,            0.750000,            0.850000,            5.000000,            0.000000,            0.000000,            0.000000,            0.000000,            0.000000,            0.000000,            0.000000,            0.000000,            0.000000,            0.000000,            0.000000,            0.000000,            0.000000,       0.000,
